run,task_id,latency_ms,status,timeout_s
0,8f8530ce-d4cc-4517-a538-10c8a7e7ae54,8633,dispatched,
1,4a91c9dc-7932-420c-a87a-46f207c45222,8299,running,
2,10e28b7e-bbbf-460d-a616-26bfb5821408,11673,running,
3,4869f1e6-1dc1-4298-bb63-dc92a5ffac15,8316,running,
4,3bc45070-b6b3-4934-a0ba-9ecbb408e19a,7114,running,
5,f4da60c3-3306-45c2-bda7-b1b3c61e9f1a,7739,running,
6,fd3a3e26-026f-440a-a5c5-f61249b58fcf,10773,dispatched,
7,6111c0bd-7ffd-4052-9030-6f98806b1780,17007,running,
8,42d02e83-6c21-4a1c-96c1-20fbafe7386c,9062,running,
9,2775515e-9594-4edc-b391-595cf1ab1dd0,8296,running,
10,0191b584-d2a5-4cf7-9a24-58daf082b47a,6834,running,
11,2f389ec7-a268-4dc4-ad12-84d2a66249bd,8225,running,
12,dcb5b3b3-0412-4d2c-b4cd-bd850e66a159,9032,running,
13,080695ef-36a0-4ccd-9f16-0e56ad633171,8137,running,
14,e58a1ddd-9395-468d-86cf-a117d7825f33,7412,dispatched,
15,33b627f7-5bfa-43a9-86fb-d282fe97a566,7027,running,
16,26d420ac-a008-47f8-8c91-7b47e878f81c,10026,running,
17,8e6fe7c5-9b53-4128-8727-238b58c26604,8256,running,
18,fc74dc37-4987-44f3-9bd2-77486fde22c9,8056,running,
19,c70401a3-2c6e-4534-8b5d-d3c8619a0941,8810,running,
20,1fd8ed6d-ec47-4bdc-8333-b840350325b3,8296,running,
21,5e56da13-f7fe-418d-bd47-09f034be4fe1,8418,dispatched,
